{
  "loss_history": [
    0.014509127633183592,
    0.0027837647329101854,
    0.0021182554006091052,
    0.0020808156314360616,
    0.0019481815267592332,
    0.0017908349357216376,
    0.0016233101407694519,
    0.0015280045445453892,
    0.001587224588078799,
    0.0015463402377823264,
    0.0015208556623359474,
    0.0015959172867970205,
    0.00154229644340567,
    0.001497771884967933,
    0.0015292535520586255,
    0.001524207278800458,
    0.0014496459824950574,
    0.0016229838273416623,
    0.0015242928997963227,
    0.0014080283927168887
  ],
  "k": 8,
  "hidden": 32,
  "epochs": 20,
  "batch": 1024,
  "device": "cuda",
  "n_samples": 1124786,
  "feature_columns": [
    "mkt_adx_5min",
    "mkt_atr_rel_5min",
    "mkt_liq_5min",
    "mkt_adx_15min",
    "mkt_atr_rel_15min",
    "mkt_liq_15min",
    "mkt_adx_30min",
    "mkt_atr_rel_30min",
    "mkt_liq_30min",
    "mkt_adx_1h",
    "mkt_atr_rel_1h",
    "mkt_liq_1h",
    "mkt_adx_4h",
    "mkt_atr_rel_4h",
    "mkt_liq_4h",
    "mkt_adx_1d",
    "mkt_atr_rel_1d",
    "mkt_liq_1d"
  ],
  "note": "Causal resample + warm-up",
  "agg_map": {
    "mkt_adx": "mean",
    "mkt_atr_rel": "mean",
    "mkt_liq": "mean"
  },
  "input_csv": "C:\\Users\\Hesam\\Desktop\\Modular\\AE\\EURUSD_5m_kpis.csv"
}